logo,team_name
https://upload.wikimedia.org/wikipedia/en/thumb/e/eb/Texas_A%26M%E2%80%93Corpus_Christi_Islanders_logo.svg/150px-Texas_A%26M%E2%80%93Corpus_Christi_Islanders_logo.svg.png,A&M-Corpus Christi
https://upload.wikimedia.org/wikipedia/en/thumb/6/6c/Abilene_Christian_Wildcats_logo.svg/200px-Abilene_Christian_Wildcats_logo.svg.png,Abilene Christian
https://upload.wikimedia.org/wikipedia/commons/thumb/0/01/Akron_Zips_logo_2022.svg/200px-Akron_Zips_logo_2022.svg.png,Akron
https://upload.wikimedia.org/wikipedia/commons/thumb/1/12/Alabama_Athletics_logo.svg/150px-Alabama_Athletics_logo.svg.png,Alabama
https://upload.wikimedia.org/wikipedia/en/thumb/3/3b/Alabama_a%26m_bulldog_logo.png/150px-Alabama_a%26m_bulldog_logo.png,Alabama A&M
https://upload.wikimedia.org/wikipedia/commons/thumb/b/b0/Alabama_State_ASU_Wordmark.png/150px-Alabama_State_ASU_Wordmark.png,Alabama St.
https://upload.wikimedia.org/wikipedia/commons/thumb/6/6a/Alcorn.png/150px-Alcorn.png,Alcorn
https://upload.wikimedia.org/wikipedia/commons/thumb/a/a9/Appalachian_State_Mountaineers_logo.svg/905px-Appalachian_State_Mountaineers_logo.svg.png,App State
https://upload.wikimedia.org/wikipedia/commons/thumb/3/34/Arizona_Wildcats_logo.svg/175px-Arizona_Wildcats_logo.svg.png,Arizona
https://upload.wikimedia.org/wikipedia/en/thumb/0/0a/Arizona_State_Sun_Devils_logo.svg/100px-Arizona_State_Sun_Devils_logo.svg.png,Arizona St.
https://upload.wikimedia.org/wikipedia/en/thumb/a/a6/Arkansas%E2%80%93Pine_Bluff_Golden_Lions_logo.svg/200px-Arkansas%E2%80%93Pine_Bluff_Golden_Lions_logo.svg.png,Ark.-Pine Bluff
https://upload.wikimedia.org/wikipedia/en/thumb/3/30/Arkansas_razorbacks_logo.png/250px-Arkansas_razorbacks_logo.png,Arkansas
https://upload.wikimedia.org/wikipedia/commons/thumb/0/01/Army_West_Point_logo.svg/150px-Army_West_Point_logo.svg.png,Army West Point
https://upload.wikimedia.org/wikipedia/commons/thumb/1/15/Auburn_Tigers_logo.svg/150px-Auburn_Tigers_logo.svg.png,Auburn
https://upload.wikimedia.org/wikipedia/commons/thumb/4/4e/Austin_Peay_Athletics_logo.svg/250px-Austin_Peay_Athletics_logo.svg.png,Austin Peay
https://upload.wikimedia.org/wikipedia/commons/thumb/a/a7/BYU_Stretch_Y_Logo.png/200px-BYU_Stretch_Y_Logo.png,BYU
https://upload.wikimedia.org/wikipedia/en/thumb/e/e4/Ball_State_Cardinals_logo.svg/150px-Ball_State_Cardinals_logo.svg.png,Ball St.
https://upload.wikimedia.org/wikipedia/commons/thumb/c/c4/Baylor_Athletics_logo.svg/150px-Baylor_Athletics_logo.svg.png,Baylor
https://upload.wikimedia.org/wikipedia/en/thumb/9/92/Bellarmine_knights_logo20.png/200px-Bellarmine_knights_logo20.png,Bellarmine
https://upload.wikimedia.org/wikipedia/en/thumb/d/d6/Belmont_Bruins_logo.svg/200px-Belmont_Bruins_logo.svg.png,Belmont
https://upload.wikimedia.org/wikipedia/commons/thumb/e/e8/Bethune%E2%80%93Cookman_Wildcats_logo.svg/150px-Bethune%E2%80%93Cookman_Wildcats_logo.svg.png,Bethune-Cookman
https://upload.wikimedia.org/wikipedia/en/thumb/d/d8/Binghamton_Bearcats_logo.svg/200px-Binghamton_Bearcats_logo.svg.png,Binghamton
https://upload.wikimedia.org/wikipedia/en/thumb/9/94/Primary_Boise_State_Broncos_Athletics_Logo.svg/180px-Primary_Boise_State_Broncos_Athletics_Logo.svg.png,Boise St.
https://upload.wikimedia.org/wikipedia/en/thumb/9/96/Boston_College_Eagles_logo.svg/150px-Boston_College_Eagles_logo.svg.png,Boston College
https://upload.wikimedia.org/wikipedia/en/thumb/1/15/Boston_University_Terriers_logo.svg/150px-Boston_University_Terriers_logo.svg.png,Boston U.
https://upload.wikimedia.org/wikipedia/en/thumb/2/2b/Bowling_Green_Falcons_logo.svg/150px-Bowling_Green_Falcons_logo.svg.png,Bowling Green
https://upload.wikimedia.org/wikipedia/commons/thumb/7/7b/Bradley_Braves_logo.svg/150px-Bradley_Braves_logo.svg.png,Bradley
https://upload.wikimedia.org/wikipedia/commons/thumb/a/a9/Brown_Bears_Athletics_logo.svg/120px-Brown_Bears_Athletics_logo.svg.png,Brown
https://upload.wikimedia.org/wikipedia/en/thumb/c/ca/Bryant_Bulldogs_logo.svg/200px-Bryant_Bulldogs_logo.svg.png,Bryant
https://upload.wikimedia.org/wikipedia/en/thumb/3/3a/Bucknell_Bison_logo.svg/200px-Bucknell_Bison_logo.svg.png,Bucknell
https://upload.wikimedia.org/wikipedia/en/thumb/5/5e/Buffalo_Bulls_Athletic_Logo.svg/170px-Buffalo_Bulls_Athletic_Logo.svg.png,Buffalo
https://upload.wikimedia.org/wikipedia/en/thumb/0/06/Butler_Bulldogs_logo.svg/150px-Butler_Bulldogs_logo.svg.png,Butler
https://upload.wikimedia.org/wikipedia/en/thumb/c/cc/Cal_State_Bakersfield_Roadrunners_logo.svg/200px-Cal_State_Bakersfield_Roadrunners_logo.svg.png,CSU Bakersfield
https://upload.wikimedia.org/wikipedia/en/thumb/5/51/CSUN_Matadors_logo.svg/150px-CSUN_Matadors_logo.svg.png,CSUN
https://upload.wikimedia.org/wikipedia/commons/thumb/0/0e/Cal_Poly_Mustangs_logo.svg/150px-Cal_Poly_Mustangs_logo.svg.png,Cal Poly
https://upload.wikimedia.org/wikipedia/en/thumb/d/d1/Cal_Poly_Pomona_Broncos_logo.svg/200px-Cal_Poly_Pomona_Broncos_logo.svg.png,Cal Poly Pomona
https://upload.wikimedia.org/wikipedia/commons/thumb/0/0e/Cal_State_Fullerton_Titans_logo.svg/250px-Cal_State_Fullerton_Titans_logo.svg.png,Cal St. Fullerton
https://upload.wikimedia.org/wikipedia/commons/thumb/8/8b/California_Golden_Bears_logo.svg/150px-California_Golden_Bears_logo.svg.png,California
https://upload.wikimedia.org/wikipedia/en/thumb/3/3f/Cbu_lancers_logo.png/250px-Cbu_lancers_logo.png,California Baptist
https://upload.wikimedia.org/wikipedia/en/thumb/8/84/Campbell_Fighting_Camels_logo.svg/200px-Campbell_Fighting_Camels_logo.svg.png,Campbell
https://upload.wikimedia.org/wikipedia/commons/thumb/8/81/Canisius_Athletics_wordmark.png/250px-Canisius_Athletics_wordmark.png,Canisius
https://upload.wikimedia.org/wikipedia/en/thumb/6/6d/Central_Arkansas_Athletics_logo.svg/200px-Central_Arkansas_Athletics_logo.svg.png,Central Ark.
https://upload.wikimedia.org/wikipedia/en/thumb/9/90/Central_Connecticut_Blue_Devils_logo.svg/170px-Central_Connecticut_Blue_Devils_logo.svg.png,Central Conn. St.
https://upload.wikimedia.org/wikipedia/commons/thumb/2/2a/Central_Michigan_Chippewas_logo.svg/150px-Central_Michigan_Chippewas_logo.svg.png,Central Mich.
https://upload.wikimedia.org/wikipedia/en/thumb/8/86/Charleston_Southern_Buccaneers_logo.svg/200px-Charleston_Southern_Buccaneers_logo.svg.png,Charleston So.
https://upload.wikimedia.org/wikipedia/commons/thumb/3/33/Charlotte_49ers_logo.svg/115px-Charlotte_49ers_logo.svg.png,Charlotte
https://upload.wikimedia.org/wikipedia/commons/thumb/5/5d/Chattanooga_Mocs_logo.svg/150px-Chattanooga_Mocs_logo.svg.png,Chattanooga
https://upload.wikimedia.org/wikipedia/en/thumb/b/b2/Chicago_State_Cougars_logo.svg/200px-Chicago_State_Cougars_logo.svg.png,Chicago St.
https://upload.wikimedia.org/wikipedia/commons/thumb/7/72/Clemson_Tigers_logo.svg/150px-Clemson_Tigers_logo.svg.png,Clemson
https://upload.wikimedia.org/wikipedia/en/thumb/7/70/Cleveland_State_Vikings_logo.svg/200px-Cleveland_State_Vikings_logo.svg.png,Cleveland St.
https://upload.wikimedia.org/wikipedia/en/thumb/e/ef/Coastal_Carolina_Chanticleers_logo.svg/150px-Coastal_Carolina_Chanticleers_logo.svg.png,Coastal Carolina
https://upload.wikimedia.org/wikipedia/commons/thumb/0/05/College_of_Charleston_Cougars_logo.svg/120px-College_of_Charleston_Cougars_logo.svg.png,Col. of Charleston
https://upload.wikimedia.org/wikipedia/commons/thumb/8/84/Colgate_Raiders_%282020%29_logo.svg/150px-Colgate_Raiders_%282020%29_logo.svg.png,Colgate
https://upload.wikimedia.org/wikipedia/en/thumb/1/14/Colorado_State_Rams_logo.svg/175px-Colorado_State_Rams_logo.svg.png,Colorado St.
https://upload.wikimedia.org/wikipedia/en/thumb/5/5f/Columbia_Lions_logo.svg/150px-Columbia_Lions_logo.svg.png,Columbia
https://upload.wikimedia.org/wikipedia/en/thumb/8/85/Coppin_State_Eagles_logo.svg/200px-Coppin_State_Eagles_logo.svg.png,Coppin St.
https://upload.wikimedia.org/wikipedia/en/thumb/9/9b/Cornell_Big_Red_logo.svg/150px-Cornell_Big_Red_logo.svg.png,Cornell
https://upload.wikimedia.org/wikipedia/en/thumb/6/6f/Creighton_Bluejays_logo.svg/150px-Creighton_Bluejays_logo.svg.png,Creighton
https://upload.wikimedia.org/wikipedia/commons/thumb/a/af/Dartmouth_College_Big_Green_logo.svg/120px-Dartmouth_College_Big_Green_logo.svg.png,Dartmouth
https://upload.wikimedia.org/wikipedia/commons/thumb/d/d0/Dayton_Flyers_logo.svg/200px-Dayton_Flyers_logo.svg.png,Dayton
https://upload.wikimedia.org/wikipedia/en/thumb/7/79/DePaul_Blue_Demons_logo.svg/150px-DePaul_Blue_Demons_logo.svg.png,DePaul
https://upload.wikimedia.org/wikipedia/en/thumb/1/13/Delaware_Fightin%27_Blue_Hens_logo.svg/250px-Delaware_Fightin%27_Blue_Hens_logo.svg.png,Delaware
https://upload.wikimedia.org/wikipedia/en/thumb/d/db/Delaware_State_Hornets_logo.svg/150px-Delaware_State_Hornets_logo.svg.png,Delaware St.
https://upload.wikimedia.org/wikipedia/en/thumb/a/a6/Detroit_Titans_logo.svg/200px-Detroit_Titans_logo.svg.png,Detroit Mercy
https://upload.wikimedia.org/wikipedia/en/thumb/f/fc/Drake_Bulldogs_logo.svg/150px-Drake_Bulldogs_logo.svg.png,Drake
https://upload.wikimedia.org/wikipedia/en/thumb/1/16/Drexel_Dragons_logo.svg/200px-Drexel_Dragons_logo.svg.png,Drexel
https://upload.wikimedia.org/wikipedia/commons/thumb/e/e1/Duke_Athletics_logo.svg/150px-Duke_Athletics_logo.svg.png,Duke
https://upload.wikimedia.org/wikipedia/commons/thumb/a/ab/East_Tennessee_State_Buccaneers_logo.svg/150px-East_Tennessee_State_Buccaneers_logo.svg.png,ETSU
https://upload.wikimedia.org/wikipedia/en/thumb/c/c7/East_Carolina_Pirates_logo.svg/150px-East_Carolina_Pirates_logo.svg.png,East Carolina
https://upload.wikimedia.org/wikipedia/en/thumb/8/86/Eastern_Illinois_Panthers_logo.svg/200px-Eastern_Illinois_Panthers_logo.svg.png,Eastern Ill.
https://upload.wikimedia.org/wikipedia/commons/thumb/b/b1/Eastern_Kentucky_Colonels_logo.svg/200px-Eastern_Kentucky_Colonels_logo.svg.png,Eastern Ky.
https://upload.wikimedia.org/wikipedia/commons/thumb/c/c1/Eastern_Michigan_Eagles_logo.svg/120px-Eastern_Michigan_Eagles_logo.svg.png,Eastern Mich.
https://upload.wikimedia.org/wikipedia/en/thumb/3/3c/Elon_Phoenix_logo.svg/200px-Elon_Phoenix_logo.svg.png,Elon
https://upload.wikimedia.org/wikipedia/commons/thumb/5/5b/Evansville_Athletics_logo.svg/150px-Evansville_Athletics_logo.svg.png,Evansville
https://upload.wikimedia.org/wikipedia/en/thumb/a/a4/Fdu_knights_main_logo.png/150px-Fdu_knights_main_logo.png,FDU
https://upload.wikimedia.org/wikipedia/en/thumb/9/95/Florida_Gulf_Coast_Eagles_logo.svg/200px-Florida_Gulf_Coast_Eagles_logo.svg.png,FGCU
https://upload.wikimedia.org/wikipedia/en/thumb/1/1d/FIU_Panthers_logo.svg/150px-FIU_Panthers_logo.svg.png,FIU
https://upload.wikimedia.org/wikipedia/commons/thumb/0/0f/Fairfield_Stags_logo.svg/150px-Fairfield_Stags_logo.svg.png,Fairfield
https://upload.wikimedia.org/wikipedia/en/thumb/4/40/Florida_Atlantic_Owls_logo.svg/200px-Florida_Atlantic_Owls_logo.svg.png,Fla. Atlantic
https://upload.wikimedia.org/wikipedia/en/thumb/1/14/Florida_Gators_gator_logo.svg/200px-Florida_Gators_gator_logo.svg.png,Florida
https://upload.wikimedia.org/wikipedia/en/thumb/5/54/Florida_A%26M_Rattlers_logo.svg/180px-Florida_A%26M_Rattlers_logo.svg.png,Florida A&M
https://upload.wikimedia.org/wikipedia/en/thumb/d/d5/Florida_State_Seminoles_logo.svg/200px-Florida_State_Seminoles_logo.svg.png,Florida St.
https://upload.wikimedia.org/wikipedia/en/thumb/b/bb/Fordham_Rams_logo.svg/150px-Fordham_Rams_logo.svg.png,Fordham
https://upload.wikimedia.org/wikipedia/en/thumb/7/7c/Fresno_State_Bulldogs_logo.svg/200px-Fresno_State_Bulldogs_logo.svg.png,Fresno St.
https://upload.wikimedia.org/wikipedia/commons/thumb/a/aa/Furman_Paladins_logo.svg/180px-Furman_Paladins_logo.svg.png,Furman
https://upload.wikimedia.org/wikipedia/en/thumb/2/2a/Georgia_Southern_Eagles_logo.svg/200px-Georgia_Southern_Eagles_logo.svg.png,Ga. Southern
https://upload.wikimedia.org/wikipedia/en/thumb/a/a3/Gardner%E2%80%93Webb_Runnin%27_Bulldogs_logo.svg/200px-Gardner%E2%80%93Webb_Runnin%27_Bulldogs_logo.svg.png,Gardner-Webb
https://upload.wikimedia.org/wikipedia/commons/thumb/9/99/Georgemason_athletics_logo.png/120px-Georgemason_athletics_logo.png,George Mason
https://upload.wikimedia.org/wikipedia/commons/thumb/1/12/George_Washington_Athletics_logo.svg/200px-George_Washington_Athletics_logo.svg.png,George Washington
https://upload.wikimedia.org/wikipedia/commons/thumb/9/9f/Georgetown_Hoyas_logo.svg/150px-Georgetown_Hoyas_logo.svg.png,Georgetown
https://upload.wikimedia.org/wikipedia/commons/thumb/8/80/Georgia_Athletics_logo.svg/200px-Georgia_Athletics_logo.svg.png,Georgia
https://upload.wikimedia.org/wikipedia/en/thumb/3/3b/Georgia_State_Athletics_logo.svg/200px-Georgia_State_Athletics_logo.svg.png,Georgia St.
https://upload.wikimedia.org/wikipedia/commons/thumb/b/bf/Georgia_Tech_Yellow_Jackets_logo.svg/250px-Georgia_Tech_Yellow_Jackets_logo.svg.png?20180422004702,Georgia Tech
https://upload.wikimedia.org/wikipedia/commons/thumb/1/1b/Grambling_State_Tigers_logo.svg/200px-Grambling_State_Tigers_logo.svg.png,Grambling
https://upload.wikimedia.org/wikipedia/commons/thumb/b/b6/Grand_Canyon_University_2023_Logo_Update.svg/200px-Grand_Canyon_University_2023_Logo_Update.svg.png,Grand Canyon
https://upload.wikimedia.org/wikipedia/commons/thumb/3/38/Gb_phoenix_main_logo_2022.png/150px-Gb_phoenix_main_logo_2022.png,Green Bay
https://upload.wikimedia.org/wikipedia/en/thumb/e/e3/Hampton_Pirates_logo.svg/150px-Hampton_Pirates_logo.svg.png,Hampton
https://upload.wikimedia.org/wikipedia/commons/thumb/b/b7/Harvard_Crimson_logo_2020.svg/120px-Harvard_Crimson_logo_2020.svg.png,Harvard
https://upload.wikimedia.org/wikipedia/commons/thumb/d/de/Hawaii_Warriors_logo.svg/150px-Hawaii_Warriors_logo.svg.png,Hawaii
,Hofstra
,Holy Cross
,Houston
,Houston Christian
,Howard
,IUPUI
,Idaho St.
,Illinois
,Illinois St.
,Indiana
,Indiana St.
,Iona
,Iowa
,Iowa St.
,Jackson St.
,Jacksonville
,Jacksonville St.
,James Madison
,Kansas
,Kansas City
,Kennesaw St.
,Kent St.
,Kentucky
,LIU
,LMU (CA)
,LSU
,La Salle
,Lafayette
,Lamar University
,Le Moyne
,Lehigh
,Liberty
,Lindenwood
,Lipscomb
,Long Beach St.
,Longwood
,Louisiana
,Louisiana Tech
,Louisville
,Loyola Chicago
,Maine
,Manhattan
,Marist
,Marshall
,Maryland
,Massachusetts
,McNeese
,Memphis
,Mercer
,Mercyhurst
,Merrimack
,Miami (OH)
,Michigan
,Michigan St.
,Middle Tenn.
,Minnesota
,Mississippi St.
,Mississippi Val.
,Missouri
,Missouri St.
,Monmouth
,Montana
,Morehead St.
,Morgan St.
,Mount St. Mary's
,Murray St.
,N.C. A&T
,N.C. Central
,NC State
,NIU
,Nebraska
,Nevada
,New Mexico
,New Mexico St.
,Niagara
,Nicholls
,Norfolk St.
,North Ala.
,North Carolina
,North Dakota
,North Dakota St.
,North Florida
,North Texas
,Northern Colo.
,Northern Ky.
,Northwestern
,Northwestern St.
,Notre Dame
,Oakland
,Ohio
,Ohio St.
,Oklahoma
,Oklahoma St.
,Ole Miss
,Omaha
,Oregon
,Oregon St.
,Pacific
,Penn
,Penn St.
,Pittsburgh
,Portland St.
,Prairie View
,Presbyterian
,Princeton
,Providence
,Purdue
,Purdue Fort Wayne
,Queens (NC)
,Quinnipiac
,Radford
,Rhode Island
,Rider
,Robert Morris
,Rutgers
,SFA
,SIUE
,Sacramento St.
,Sacred Heart
,Saint Francis (PA)
,Saint Joseph's
,Saint Louis
,Saint Mary's (CA)
,Saint Peter's
,Sam Houston
,Samford
,San Diego
,San Diego St.
,San Jose St.
,Santa Clara
,Seattle U
,Seton Hall
,Siena
,South Alabama
,South Carolina
,South Carolina St.
,South Dakota
,South Dakota St.
,South Fla.
,Southeast Mo. St.
,Southeastern La.
,Southern Ill.
,Southern Ind.
,Southern Miss.
,Southern U.
,Southern Utah
,St. Bonaventure
,St. Francis Brooklyn
,St. John's (NY)
,St. Thomas (MN)
,Stanford
,Stetson
,Stonehill
,Stony Brook
,Syracuse
,Tarleton St.
,Temple
,Tennessee
,Tennessee St.
,Tennessee Tech
,Tex. A&M-Commerce
,Texas
,Texas A&M
,Texas Southern
,Texas St.
,Texas Tech
,Toledo
,Towson
,Troy
,Tulsa
,UAB
,UAlbany
,UC Davis
,UC Riverside
,UC San Diego
,UC Santa Barbara
,UCF
,UCLA
,UConn
,UIC
,UIW
,ULM
,UMBC
,UMES
,UMass Lowell
,UNC Asheville
,UNC Greensboro
,UNCW
,UNI
,UNLV
,USC Upstate
,UT Arlington
,UT Martin
,UTEP
,UTSA
,Utah
,Utah St.
,Utah Tech
,Utah Valley
,Valparaiso
,Vermont
,Villanova
,Virginia
,Virginia Tech
,Wagner
,Washington
,Weber St.
,West Ga.
,Western Caro.
,Western Ill.
,Western Ky.
,Western Mich.
,Wichita St.
,Winthrop
,Wisconsin
,Wofford
,Wright St.
,Yale
,Youngstown St.
